Date,Price,Open,High,Low,Vol.,Change %
2-Oct-19,5.56,5.33,5.76,5.05,13.85M,2.21
1-Oct-19,5.44,5.75,5.83,5.36,11.89M,-6.53
30-Sep-19,5.82,6.05,6.09,5.74,6.54M,-4.9
27-Sep-19,6.12,6.21,6.4,6.1,4.38M,-3.16
26-Sep-19,6.32,6.48,6.5,6.21,2.70M,-0.16
25-Sep-19,6.33,6.28,6.46,6,6.22M,0.64
24-Sep-19,6.29,6.7,6.72,6.26,5.76M,-6.4
23-Sep-19,6.72,6.55,6.97,6.54,5.29M,0.75
20-Sep-19,6.67,6.77,6.78,6.55,6.88M,-2.34
19-Sep-19,6.83,7,7.02,6.82,2.93M,-2.71
18-Sep-19,7.02,6.96,7.19,6.9,4.39M,0.43
17-Sep-19,6.99,7.15,7.35,6.81,8.09M,-3.72
16-Sep-19,7.26,7.65,7.73,7.23,9.18M,-7.75
13-Sep-19,7.87,7.81,7.96,7.67,5.20M,1.55
12-Sep-19,7.75,7.79,7.97,7.6,11.31M,-8.93
11-Sep-19,8.51,8.28,8.57,8.13,6.63M,3.15
10-Sep-19,8.25,7.92,8.27,7.77,4.19M,4.3
9-Sep-19,7.91,8.2,8.25,7.76,4.67M,-1.37
6-Sep-19,8.02,7.78,8.19,7.66,5.29M,3.48
5-Sep-19,7.75,7.41,7.76,7.35,4.19M,4.73
4-Sep-19,7.4,7.7,7.74,7.21,5.44M,-2.25
3-Sep-19,7.57,7.29,7.59,7.25,3.57M,3.13
30-Aug-19,7.34,7.42,7.45,7.29,2.82M,-0.54
29-Aug-19,7.38,7.52,7.54,7.34,3.04M,-0.81
28-Aug-19,7.44,7.32,7.5,7.17,3.75M,0.54
27-Aug-19,7.4,7.68,7.76,7.38,3.53M,-3.65
26-Aug-19,7.68,7.57,7.75,7.35,4.32M,2.13
23-Aug-19,7.52,7.6,7.81,7.5,3.20M,-2.46
22-Aug-19,7.71,7.76,7.89,7.68,2.32M,-1.28
21-Aug-19,7.81,7.91,7.95,7.75,3.27M,-0.76
20-Aug-19,7.87,7.81,8,7.71,3.83M,0.9
19-Aug-19,7.8,8.22,8.22,7.67,4.44M,-1.39
16-Aug-19,7.91,7.71,8.13,7.65,4.78M,3.67
15-Aug-19,7.63,7.9,8,7.52,9.36M,-5.8
14-Aug-19,8.1,8.61,8.65,8.07,5.93M,-8.16
13-Aug-19,8.82,8.6,8.91,8.55,2.89M,1.38
12-Aug-19,8.7,8.55,8.74,8.32,2.70M,1.05
9-Aug-19,8.61,8.76,8.82,8.44,2.75M,-2.49
8-Aug-19,8.83,9.01,9.06,8.75,2.95M,0.23
7-Aug-19,8.81,9.02,9.07,8.72,4.26M,-2.65
6-Aug-19,9.05,8.91,9.51,8.75,12.75M,7.87
2-Aug-19,8.39,8.22,8.42,7.94,6.97M,7.84
1-Aug-19,7.78,8.21,8.33,7.73,4.66M,-5.58
31-Jul-19,8.24,8.39,8.4,8.22,2.08M,0.37
30-Jul-19,8.21,7.98,8.48,7.9,4.83M,0.12
29-Jul-19,8.2,8.36,8.38,7.91,5.63M,-2.84
26-Jul-19,8.44,8.55,8.68,8.37,2.27M,-1.06
25-Jul-19,8.53,8.59,8.79,8.5,2.02M,-0.7
24-Jul-19,8.59,8.7,8.74,8.52,1.67M,-1.72
23-Jul-19,8.74,8.79,8.91,8.65,2.22M,-0.68
22-Jul-19,8.8,8.91,8.93,8.45,3.52M,-1.35
19-Jul-19,8.92,9.01,9.21,8.89,2.45M,-1.44
18-Jul-19,9.05,9.6,9.61,9.05,5.94M,-6.51
17-Jul-19,9.68,9.46,9.74,9.44,4.13M,3.31
16-Jul-19,9.37,9.19,9.42,9.04,2.99M,2.63
15-Jul-19,9.13,8.81,9.19,8.62,4.42M,3.63
12-Jul-19,8.81,9.34,9.35,8.8,6.38M,-5.98
11-Jul-19,9.37,9.61,9.78,9.37,2.95M,-2.8
10-Jul-19,9.64,9.64,9.69,9.57,2.00M,0.31
9-Jul-19,9.61,9.66,9.69,9.55,2.20M,-1.03
8-Jul-19,9.71,9.76,9.85,9.69,2.14M,-1.52
5-Jul-19,9.86,9.95,9.99,9.83,1.61M,-1.4
4-Jul-19,10,10,10.05,9.93,976.37K,0
3-Jul-19,10,9.91,10.08,9.75,2.87M,0.1
2-Jul-19,9.99,10.26,10.26,9.97,2.37M,-2.63
28-Jun-19,10.26,10.3,10.36,10.13,2.62M,0.2
27-Jun-19,10.24,10.05,10.27,9.97,4.19M,2.2
26-Jun-19,10.02,9.85,10.02,9.69,2.61M,1.83
25-Jun-19,9.84,9.89,10.08,9.77,3.47M,-1.01
24-Jun-19,9.94,9.67,9.94,9.49,4.23M,3.01
21-Jun-19,9.65,9.65,9.73,9.27,8.45M,-1.83
20-Jun-19,9.83,9.96,10.04,9.75,3.10M,-1.11
19-Jun-19,9.94,10.09,10.2,9.94,2.88M,-1.97
18-Jun-19,10.14,10.22,10.31,10.05,2.94M,-0.2
17-Jun-19,10.16,10.2,10.28,10.05,2.90M,0.3
14-Jun-19,10.13,10.05,10.32,9.85,3.96M,0.5
13-Jun-19,10.08,10.32,10.42,10,2.96M,-2.33
12-Jun-19,10.32,10.2,10.35,10.13,2.89M,0
11-Jun-19,10.32,10.6,10.65,10.21,4.44M,-1.9
10-Jun-19,10.52,10.4,10.61,10.27,4.80M,3.85
7-Jun-19,10.13,9.94,10.35,9.92,4.86M,0.6
6-Jun-19,10.07,10.3,10.31,9.96,4.93M,-2.89
5-Jun-19,10.37,10.85,10.9,10.15,7.39M,-1.8
4-Jun-19,10.56,9.81,10.57,9.8,8.25M,9.54
3-Jun-19,9.64,10.12,10.33,9.59,9.04M,-6.13
31-May-19,10.27,10.6,10.62,10.17,5.59M,-4.91
30-May-19,10.8,10.99,11.12,10.71,3.14M,-1.46
29-May-19,10.96,11.15,11.17,10.94,4.12M,-3.09
28-May-19,11.31,11.25,11.49,11.2,4.40M,0.53
27-May-19,11.25,11.18,11.31,11.16,1.37M,0.54
24-May-19,11.19,11.22,11.33,11.13,3.61M,0.81
23-May-19,11.1,11.47,11.48,11.06,5.77M,-3.9
22-May-19,11.55,11.62,11.75,11.5,5.32M,-0.6
21-May-19,11.62,11.6,11.79,11.5,5.39M,-0.77
17-May-19,11.71,11.82,12.19,11.65,8.87M,-2.01
16-May-19,11.95,11.75,11.97,11.45,9.52M,2.4
15-May-19,11.67,10.8,11.81,10.79,17.35M,3.09
14-May-19,11.32,11,11.43,10.93,6.55M,4.52
13-May-19,10.83,10.97,11.1,10.66,5.36M,-3.82
10-May-19,11.26,11.15,11.32,10.95,6.75M,0.09
9-May-19,11.25,11.63,11.64,11.23,5.53M,-2.85
8-May-19,11.58,11.54,11.78,11.52,4.56M,0
7-May-19,11.58,11.81,11.91,11.53,5.78M,-3.1
6-May-19,11.95,11.45,12,11,7.61M,1.27
3-May-19,11.8,11.85,11.92,11.68,3.18M,-0.08
2-May-19,11.81,12.09,12.1,11.53,6.87M,-2.48
1-May-19,12.11,12.2,12.24,12.07,3.93M,-0.49
30-Apr-19,12.17,12.14,12.62,12.12,11.44M,-0.08
29-Apr-19,12.18,12.2,12.25,12.05,4.93M,0.25
26-Apr-19,12.15,12.22,12.29,12.07,5.50M,-0.57
25-Apr-19,12.22,12.22,12.28,12.09,4.70M,-0.49
24-Apr-19,12.28,12.11,12.37,12.05,6.25M,0.9
23-Apr-19,12.17,12.33,12.35,12.06,6.13M,-1.22
22-Apr-19,12.32,12.04,12.32,11.95,7.08M,2.41
18-Apr-19,12.03,12.14,12.2,11.95,8.75M,0.67
17-Apr-19,11.95,12.12,12.15,11.83,10.29M,1.1
16-Apr-19,11.82,11.37,11.96,11.32,9.58M,3.96
15-Apr-19,11.37,11.68,11.71,11.3,6.58M,-3.89
12-Apr-19,11.83,11.96,12.03,11.74,5.19M,-0.17
11-Apr-19,11.85,12.17,12.25,11.75,8.82M,-2.47
10-Apr-19,12.15,11.78,12.15,11.71,8.26M,3.67
9-Apr-19,11.72,11.89,11.96,11.51,8.10M,-2.25
8-Apr-19,11.99,12.32,12.34,11.98,6.51M,-2.36
5-Apr-19,12.28,12.32,12.44,12.13,10.01M,2.76
4-Apr-19,11.95,11.96,12.09,11.8,4.81M,0.17
3-Apr-19,11.93,11.8,12.06,11.76,7.24M,-1.32
2-Apr-19,12.09,12.12,12.26,11.92,6.67M,-0.9
1-Apr-19,12.2,12.39,12.41,12.05,8.72M,0.91
29-Mar-19,12.09,11.85,12.29,11.72,9.68M,2.03
28-Mar-19,11.85,11.7,12.03,11.26,14.11M,0.17
27-Mar-19,11.83,12.21,12.27,11.66,12.95M,-3.27
26-Mar-19,12.23,12.48,12.64,12.15,10.81M,-1.13
25-Mar-19,12.37,11.85,12.7,11.76,23.28M,2.23
22-Mar-19,12.1,12.6,12.64,11.94,20.45M,-5.32
21-Mar-19,12.78,12.87,13.16,12.76,10.67M,-1.92
20-Mar-19,13.03,12.99,13.26,12.68,22.93M,-1.44
19-Mar-19,13.22,13.5,13.67,13.06,21.91M,-0.3
18-Mar-19,13.26,12.97,13.52,12.85,36.76M,3.35
15-Mar-19,12.83,12,12.94,11.83,34.79M,7.63
14-Mar-19,11.92,12.18,12.19,11.72,20.57M,-0.83
13-Mar-19,12.02,11.5,12.33,11.4,52.42M,12.97
12-Mar-19,10.64,10.65,11.03,10.52,17.33M,0.19
11-Mar-19,10.62,10.52,10.8,10.44,12.70M,2.41
8-Mar-19,10.37,9.9,10.57,9.85,16.38M,1.67
7-Mar-19,10.2,10.72,10.74,10.1,17.34M,-3.68
6-Mar-19,10.59,10.81,11.26,10.43,30.22M,-1.94
5-Mar-19,10.8,9.87,10.81,9.78,38.41M,12.5
4-Mar-19,9.6,9.8,9.82,9.35,9.63M,-1.23
1-Mar-19,9.72,9.99,10.01,9.68,8.42M,-2.02
28-Feb-19,9.92,9.97,10.07,9.85,11.33M,0.4
27-Feb-19,9.88,10.24,10.29,9.8,16.65M,-3.14
26-Feb-19,10.2,9.73,10.2,9.63,17.67M,6.36
25-Feb-19,9.59,9.3,9.6,9.1,9.82M,4.92
22-Feb-19,9.14,9.37,9.41,9.09,7.82M,-1.72
21-Feb-19,9.3,9.3,9.55,9.25,9.07M,0
20-Feb-19,9.3,9.08,9.34,8.97,9.35M,1.64
19-Feb-19,9.15,9.25,9.39,9.05,9.58M,-1.61
15-Feb-19,9.3,9.61,9.65,9.28,10.41M,-1.38
14-Feb-19,9.43,9.67,9.7,9.3,9.53M,-1.36
13-Feb-19,9.56,9.58,9.81,9.55,13.85M,0.95
12-Feb-19,9.47,8.96,9.9,8.83,26.80M,-0.32
11-Feb-19,9.5,10.1,10.21,9.31,18.96M,-4.52
8-Feb-19,9.95,10.3,10.42,9.91,15.97M,-3.4
7-Feb-19,10.3,9.72,10.47,9.65,23.38M,3.21
6-Feb-19,9.98,10.03,10.22,9.64,19.03M,-3.48
5-Feb-19,10.34,10.76,10.78,9.88,29.34M,-1.99
4-Feb-19,10.55,10,10.94,9.86,43.24M,8.76
1-Feb-19,9.7,9.35,9.74,9.27,23.26M,4.3
31-Jan-19,9.3,9.16,9.34,9.06,11.70M,2.42
30-Jan-19,9.08,9.18,9.29,9.01,12.24M,-0.11
29-Jan-19,9.09,9.5,9.71,8.97,20.58M,-3.4
28-Jan-19,9.41,8.8,9.46,8.69,22.74M,5.97
25-Jan-19,8.88,9,9.15,8.76,18.41M,0.45
24-Jan-19,8.84,8.26,8.84,8.22,14.64M,7.02
23-Jan-19,8.26,8.34,8.48,8.17,9.51M,-0.24
22-Jan-19,8.28,8.49,8.6,8.2,13.15M,-1.43
21-Jan-19,8.4,8.61,8.69,8.3,7.49M,-1.52
18-Jan-19,8.53,8.88,9.07,8.21,24.44M,-1.95
17-Jan-19,8.7,8.96,9.42,8.7,34.10M,-10.49
16-Jan-19,9.72,9.41,9.8,9.32,24.36M,4.97
15-Jan-19,9.26,9.21,9.97,9.05,41.17M,2.89
14-Jan-19,9,8.74,9.06,8.49,32.77M,6.26
11-Jan-19,8.47,7.8,8.75,7.65,32.83M,7.49
10-Jan-19,7.88,7.21,7.96,7.06,25.11M,9.9
9-Jan-19,7.17,6.7,7.32,6.68,16.38M,7.34
8-Jan-19,6.68,7.01,7.11,6.64,11.44M,-4.43
7-Jan-19,6.99,7.09,7.13,6.96,6.77M,-0.43
4-Jan-19,7.02,7.04,7.17,6.9,8.63M,1.59
3-Jan-19,6.91,7.01,7.14,6.88,7.76M,-2.54
2-Jan-19,7.09,6.69,7.17,6.59,9.81M,4.57
31-Dec-18,6.78,7.16,7.19,6.74,7.37M,-4.78
28-Dec-18,7.12,6.91,7.22,6.68,11.46M,4.71
27-Dec-18,6.8,6.81,6.99,6.53,11.32M,-0.15
24-Dec-18,6.81,6.33,6.92,6.23,10.35M,2.1
21-Dec-18,6.67,6.98,7,6.5,11.84M,-3.05
20-Dec-18,6.88,7.05,7.26,6.62,12.52M,-3.64
19-Dec-18,7.14,7.4,7.53,7.12,9.16M,-4.03
18-Dec-18,7.44,7.54,7.68,7.3,8.90M,0.4
17-Dec-18,7.41,7.74,8.06,7.35,12.50M,-5.48
14-Dec-18,7.84,7.39,7.97,7.15,15.49M,3.02
13-Dec-18,7.61,8.26,8.28,7.4,14.28M,-6.63
12-Dec-18,8.15,8.06,8.31,7.96,15.10M,2.77
11-Dec-18,7.93,7.78,8.05,7.7,20.13M,3.39
10-Dec-18,7.67,7.8,7.89,7.36,12.92M,0.92
7-Dec-18,7.6,7.74,7.82,7.34,18.94M,7.8
6-Dec-18,7.05,6.26,7.18,6.26,19.17M,13.53
5-Dec-18,6.21,7.05,7.15,6.21,15.15M,-12.78
4-Dec-18,7.12,7.36,7.47,7.08,9.84M,-5.32
3-Dec-18,7.52,7.76,7.87,7.11,16.95M,-1.05
30-Nov-18,7.6,7.56,7.64,7.36,7.16M,1.2
29-Nov-18,7.51,7.85,7.88,7.46,9.26M,-5.06
28-Nov-18,7.91,7.38,7.94,7.34,13.25M,8.5
27-Nov-18,7.29,7.63,7.7,7.07,13.62M,-2.93
26-Nov-18,7.51,8.13,8.15,7.47,9.81M,-6.12
23-Nov-18,8,7.98,8.09,7.89,5.92M,0
22-Nov-18,8,8.25,8.31,7.98,4.88M,-3.03
21-Nov-18,8.25,8.25,8.46,8.17,11.05M,2.74
20-Nov-18,8.03,7.51,8.34,7.44,23.66M,0.12
19-Nov-18,8.02,8.23,8.26,7.98,9.64M,-4.41
16-Nov-18,8.39,8.59,8.77,8.27,13.14M,-4.11
15-Nov-18,8.75,8,8.93,7.92,22.85M,7.23
14-Nov-18,8.16,8.42,8.54,7.93,21.68M,-6.64
13-Nov-18,8.74,8.95,9.23,8.73,15.26M,-5
12-Nov-18,9.2,9.87,10.15,8.76,29.28M,-1.71
9-Nov-18,9.36,9.63,9.78,9.23,20.27M,-5.84
8-Nov-18,9.94,10.35,10.36,9.87,21.19M,-6.14
7-Nov-18,10.59,10.07,10.65,9.58,31.33M,8.95
6-Nov-18,9.72,9.57,10.09,9.34,26.90M,1.67
5-Nov-18,9.56,9.39,9.6,8.95,18.15M,3.91
2-Nov-18,9.2,8.88,9.2,8.75,19.16M,4.66
1-Nov-18,8.79,9,9.28,8.63,24.93M,-1.68
31-Oct-18,8.94,8.38,8.99,8.13,32.91M,12.17
30-Oct-18,7.97,7.3,8.2,7.25,37.48M,3.51
29-Oct-18,7.7,9.25,9.38,7.55,46.31M,-16.12
26-Oct-18,9.18,9.35,9.88,9,25.50M,-3.87
25-Oct-18,9.55,9.25,10.07,9.14,34.02M,0.95
24-Oct-18,9.46,10.7,10.75,9.33,34.88M,-6.15
23-Oct-18,10.08,9.7,11.29,9.18,75.20M,-11.73
22-Oct-18,11.42,13.19,13.51,10.64,69.36M,-12.22
19-Oct-18,13.01,14.04,14.28,12.69,39.74M,-5.45
18-Oct-18,13.76,13.95,14.36,13.18,35.70M,1.4
17-Oct-18,13.57,12.72,14.12,11.91,74.18M,-2.93
16-Oct-18,13.98,14.07,16.24,13.65,70.73M,-7.23
15-Oct-18,15.07,14.05,15.22,14,44.91M,9.92
12-Oct-18,13.71,12.82,13.72,12.82,35.21M,8.64
11-Oct-18,12.62,12.75,12.94,12.5,25.68M,-3.88
10-Oct-18,13.13,13.13,13.45,12.75,33.36M,-0.83
9-Oct-18,13.24,13.3,13.6,13.06,36.94M,3.36
5-Oct-18,12.81,12.11,12.86,11.95,23.69M,5.35
4-Oct-18,12.16,12.54,12.65,11.98,23.18M,-3.11
3-Oct-18,12.55,11.85,12.55,11.69,24.67M,5.2
2-Oct-18,11.93,12.22,12.27,11.8,24.81M,-4.25
1-Oct-18,12.46,12.76,12.95,12.14,24.26M,0.4
28-Sep-18,12.41,11.47,12.48,11.21,30.01M,6.25
27-Sep-18,11.68,12,12.17,11.58,28.97M,-4.18
26-Sep-18,12.19,12.87,12.98,12.01,36.42M,-4.54
25-Sep-18,12.77,12.96,13.48,12.54,53.01M,4.07
24-Sep-18,12.27,11.74,12.36,11.44,33.44M,3.63
21-Sep-18,11.84,12,12.24,11.65,43.65M,-3.35
20-Sep-18,12.25,11.62,12.25,10.87,56.51M,12.7
19-Sep-18,10.87,11.38,12.56,10.18,112.04M,-1.36
18-Sep-18,11.02,10.1,11.06,10.02,61.29M,10.42
17-Sep-18,9.98,9.99,10.42,9.5,63.33M,16.86
14-Sep-18,8.54,7.82,8.64,7.65,25.12M,2.89
13-Sep-18,8.3,9.19,9.29,8.07,27.68M,-8.89
12-Sep-18,9.11,9.25,9.55,8.7,40.72M,0.22
11-Sep-18,9.09,8.41,9.11,8.21,30.00M,10.05
10-Sep-18,8.26,8.24,8.37,8.05,15.10M,1.72
7-Sep-18,8.12,8.26,8.33,7.94,17.38M,-0.85
6-Sep-18,8.19,8.5,8.52,8.03,19.25M,-5.65
5-Sep-18,8.68,9.1,9.35,8.45,27.97M,-3.02
4-Sep-18,8.95,8.92,8.97,8.74,18.43M,1.7
31-Aug-18,8.8,8.78,9,8.61,17.31M,0.11
30-Aug-18,8.79,8.72,8.96,8.63,19.86M,-3.09
29-Aug-18,9.07,8.72,9.1,8.6,23.66M,6.21
28-Aug-18,8.54,8.9,8.98,8.18,28.38M,-7.68
27-Aug-18,9.25,9.25,9.38,8.83,35.13M,7.68
24-Aug-18,8.59,8.2,8.65,8.12,30.76M,6.97
23-Aug-18,8.03,7.96,8.14,7.83,15.22M,3.48
22-Aug-18,7.76,7.78,7.86,7.38,23.90M,-1.27
21-Aug-18,7.86,7.79,8.43,7.46,48.84M,7.23
20-Aug-18,7.33,6.57,7.37,6.43,30.60M,17.09
17-Aug-18,6.26,5.99,6.27,5.85,11.58M,3.99
16-Aug-18,6.02,6.18,6.36,5.93,11.48M,-2.11
15-Aug-18,6.15,5.92,6.5,5.61,34.12M,19.65
14-Aug-18,5.14,5.61,5.66,5.1,12.80M,-9.82
13-Aug-18,5.7,5.92,5.94,5.56,8.58M,-2.9
10-Aug-18,5.87,6.08,6.08,5.84,10.06M,-2.49
9-Aug-18,6.02,6.03,6.07,5.93,6.18M,1.18
8-Aug-18,5.95,5.93,6.19,5.9,9.41M,0.34
7-Aug-18,5.93,6.37,6.39,5.83,14.49M,-5.87
3-Aug-18,6.3,6.52,6.6,6.26,21.42M,-2.93
2-Aug-18,6.49,6.63,6.63,6.41,6.29M,-1.52
1-Aug-18,6.59,6.77,6.84,6.53,8.54M,-2.51
31-Jul-18,6.76,6.51,6.84,6.41,9.26M,3.05
30-Jul-18,6.56,6.82,6.83,6.44,12.62M,-2.38
27-Jul-18,6.72,6.75,6.84,6.57,37.67M,1.82
26-Jul-18,6.6,6.6,6.7,6.29,14.90M,-1.35
25-Jul-18,6.69,6.99,6.99,6.65,10.89M,-2.34
24-Jul-18,6.85,7.42,7.42,6.84,13.42M,-7.68
23-Jul-18,7.42,7.12,7.42,7.11,10.36M,4.65
20-Jul-18,7.09,7.37,7.42,7.04,9.19M,-4.19
19-Jul-18,7.4,7.74,7.74,7.37,7.74M,-3.52
18-Jul-18,7.67,7.73,7.87,7.58,6.45M,-0.13
17-Jul-18,7.68,7.72,7.9,7.54,8.87M,-1.16
16-Jul-18,7.77,8.2,8.26,7.76,8.37M,-6.5
13-Jul-18,8.31,8.57,8.6,8.23,6.20M,-3.37
12-Jul-18,8.6,8.81,8.82,8.6,4.55M,-1.15
11-Jul-18,8.7,8.76,8.84,8.59,4.44M,-1.02
10-Jul-18,8.79,8.87,8.91,8.75,3.32M,-0.45
9-Jul-18,8.83,8.86,8.95,8.75,4.97M,-0.9
6-Jul-18,8.91,8.96,9.05,8.78,5.68M,-1.22
5-Jul-18,9.02,9.09,9.17,8.99,4.80M,0.67
4-Jul-18,8.96,8.93,9.05,8.83,1.95M,0.22
3-Jul-18,8.94,9.07,9.17,8.94,3.93M,-0.22
29-Jun-18,8.96,9.1,9.15,8.74,7.19M,-1.21
28-Jun-18,9.07,8.59,9.11,8.54,9.57M,5.1
27-Jun-18,8.63,8.94,8.96,8.43,10.72M,-5.06
26-Jun-18,9.09,9.32,9.46,8.98,9.94M,-2.68
25-Jun-18,9.34,9.6,9.89,9.26,12.42M,-2.91
22-Jun-18,9.62,10.16,10.33,9.6,18.32M,-4.66
21-Jun-18,10.09,9.63,10.15,9.49,22.47M,4.89
20-Jun-18,9.62,9.78,9.78,9.27,18.54M,4.68
19-Jun-18,9.19,8.81,9.48,8.74,14.86M,4.43
18-Jun-18,8.8,8.67,8.84,8.58,4.56M,0.8
15-Jun-18,8.73,8.63,8.73,8.57,5.04M,0.92
14-Jun-18,8.65,8.7,8.81,8.58,4.37M,-0.46
13-Jun-18,8.69,8.57,8.85,8.55,7.27M,1.76
12-Jun-18,8.54,8.45,8.77,8.2,9.57M,-0.58
11-Jun-18,8.59,8.89,8.94,8.53,6.58M,-4.13
8-Jun-18,8.96,8.79,9.21,8.56,19.28M,-3.55
7-Jun-18,9.29,9.85,9.85,8.74,23.46M,-1.48
6-Jun-18,9.43,8.53,9.43,8.44,19.43M,12.4
5-Jun-18,8.39,7.91,8.39,7.9,12.68M,6.47
4-Jun-18,7.88,7.81,7.88,7.78,3.90M,1.42
1-Jun-18,7.77,7.84,7.85,7.73,3.26M,-0.77
31-May-18,7.83,7.89,7.93,7.76,3.21M,-0.63
30-May-18,7.88,7.9,7.94,7.78,3.11M,0.51
29-May-18,7.84,7.77,8.02,7.75,4.14M,0
28-May-18,7.84,7.78,7.93,7.64,3.93M,1.42
25-May-18,7.73,7.98,8.05,7.68,5.65M,-2.89
24-May-18,7.96,8.29,8.31,7.95,6.00M,-2.45
23-May-18,8.16,7.94,8.45,7.93,10.03M,1.12
22-May-18,8.07,8.04,8.19,7.83,13.68M,5.77
18-May-18,7.63,6.94,7.64,6.93,11.86M,9.94
17-May-18,6.94,7.11,7.18,6.91,8.36M,-3.48
16-May-18,7.19,7.47,7.48,7.16,9.53M,-4.26
15-May-18,7.51,7.71,7.75,7.47,7.18M,-1.31
14-May-18,7.61,7.73,8.01,7.41,15.50M,-2.19
11-May-18,7.78,7.71,7.8,7.67,3.25M,1.43
10-May-18,7.67,7.83,7.84,7.66,2.95M,-0.9
9-May-18,7.74,7.51,7.74,7.49,5.74M,3.2
8-May-18,7.5,7.78,7.79,7.5,7.11M,-3.97
7-May-18,7.81,7.85,7.86,7.76,4.73M,0.9
4-May-18,7.74,7.78,7.87,7.68,4.14M,0.13
3-May-18,7.73,7.8,7.88,7.55,4.77M,0.91
2-May-18,7.66,7.53,7.92,7.45,9.62M,0.92
1-May-18,7.59,7.77,7.83,7.47,5.32M,-2.57
30-Apr-18,7.79,7.42,7.9,7.4,8.93M,5.7
27-Apr-18,7.37,7.5,7.5,7.28,4.31M,-0.94
26-Apr-18,7.44,7.59,7.75,7.44,6.38M,-0.93
25-Apr-18,7.51,7.96,7.99,7.5,7.82M,-5.42
24-Apr-18,7.94,7.67,8.07,7.6,7.48M,2.72
23-Apr-18,7.73,8.29,8.36,7.71,6.99M,-6.87
20-Apr-18,8.3,8.42,8.48,8.27,5.11M,-1.43
19-Apr-18,8.42,8.33,8.48,8.16,6.30M,1.32
18-Apr-18,8.31,8.14,8.45,8.1,7.38M,2.21
17-Apr-18,8.13,8.68,8.76,8.06,11.11M,-5.47
16-Apr-18,8.6,8.72,8.85,8.53,11.66M,2.26
13-Apr-18,8.41,7.77,8.53,7.64,17.54M,8.52
12-Apr-18,7.75,7.74,7.93,7.59,6.61M,1.44
11-Apr-18,7.64,7.59,7.94,7.33,14.39M,0.53
10-Apr-18,7.6,6.89,7.7,6.5,22.88M,6.59
9-Apr-18,7.13,7.83,7.85,7.06,11.52M,-8.59
6-Apr-18,7.8,7.85,7.94,7.55,11.48M,-4.06
5-Apr-18,8.13,7.61,8.19,7.47,15.13M,10.76
4-Apr-18,7.34,7.42,7.67,7.03,20.00M,-5.66
3-Apr-18,7.78,8.57,8.84,7.72,13.59M,-10.98
2-Apr-18,8.74,8.96,9,8.32,9.73M,-2.46
29-Mar-18,8.96,8.63,9.1,8.49,9.79M,2.99
28-Mar-18,8.7,9.15,9.18,8.61,10.54M,-5.23
27-Mar-18,9.18,9.62,9.64,9.16,6.46M,-3.77
26-Mar-18,9.54,9.84,9.88,9.4,7.98M,-2.05
23-Mar-18,9.74,10,10.02,9.67,10.02M,4.96
22-Mar-18,9.28,9.6,9.72,9.17,11.24M,-4.43
21-Mar-18,9.71,9.81,10.14,9.59,8.60M,-2.12
20-Mar-18,9.92,10.31,10.38,9.91,8.60M,-4.71
19-Mar-18,10.41,10.55,10.72,10.31,9.63M,-1.33
16-Mar-18,10.55,10.72,10.81,10.44,39.58M,-2.68
15-Mar-18,10.84,10.86,10.96,10.73,7.22M,-0.46
14-Mar-18,10.89,10.98,11.01,10.78,4.87M,-0.82
13-Mar-18,10.98,11.22,11.34,10.98,7.13M,-2.14
12-Mar-18,11.22,11.16,11.25,10.8,7.36M,2.75
9-Mar-18,10.92,10.98,11.16,10.81,6.68M,1.2
8-Mar-18,10.79,10.97,11.17,10.69,7.21M,-0.09
7-Mar-18,10.8,11.25,11.53,10.74,11.10M,-4.51
6-Mar-18,11.31,11.08,11.54,10.98,15.58M,4.24
5-Mar-18,10.85,10.16,10.87,10.12,10.42M,5.96
2-Mar-18,10.24,10.13,10.35,10.03,6.26M,-1.44
1-Mar-18,10.39,10.2,10.4,9.96,11.35M,3.69
28-Feb-18,10.02,9.46,10.11,9.23,12.10M,5.14
27-Feb-18,9.53,9.87,9.88,9.18,12.09M,-2.66
26-Feb-18,9.79,10.34,10.37,9.7,7.73M,-3.83
23-Feb-18,10.18,10.4,10.43,10.18,4.05M,-1.93
22-Feb-18,10.38,10.23,10.47,10.22,4.79M,0.48
21-Feb-18,10.33,10.56,10.67,10.17,8.78M,-2.18
20-Feb-18,10.56,9.79,10.68,9.78,14.63M,8.2
16-Feb-18,9.76,9.67,10.28,9.6,12.88M,-6.6
15-Feb-18,10.45,10.73,10.74,10.43,7.80M,-2.61
14-Feb-18,10.73,10.91,10.93,10.67,7.14M,-0.09
13-Feb-18,10.74,10.82,10.92,10.61,7.30M,-1.47
12-Feb-18,10.9,10.96,11.28,10.74,14.99M,-0.18
9-Feb-18,10.92,10.68,11.02,10.12,25.02M,1.68
8-Feb-18,10.74,11.38,11.63,10.41,22.48M,0
7-Feb-18,10.74,11.63,12.09,10.22,40.82M,-3.33
6-Feb-18,11.11,9.52,11.17,8.94,36.76M,24.69
5-Feb-18,8.91,7.42,9.87,6.85,53.84M,8.79
2-Feb-18,8.19,9.18,9.39,8.16,41.22M,-16.85
1-Feb-18,9.85,11.37,11.56,9.6,30.90M,-12.6
31-Jan-18,11.27,11.08,11.79,10.56,20.48M,0.63
30-Jan-18,11.2,11.85,12.22,11.2,19.40M,-10.33
29-Jan-18,12.49,13.16,13.25,12.34,14.80M,-2.42
26-Jan-18,12.8,12.19,13.2,11.76,24.38M,1.35
25-Jan-18,12.63,13.37,13.58,12.23,25.75M,-6.24
24-Jan-18,13.47,14.42,14.64,13.46,32.64M,-5.47
23-Jan-18,14.25,14.16,14.42,13.2,25.20M,2
22-Jan-18,13.97,13.58,13.97,13.36,22.64M,7.54
19-Jan-18,12.99,12.83,13.12,12.75,15.49M,3.92
18-Jan-18,12.5,11.53,12.97,11.33,25.91M,5.31
17-Jan-18,11.87,11.79,12.14,11.47,12.38M,3.49
16-Jan-18,11.47,11.93,12.47,11.13,25.71M,3.52
15-Jan-18,11.08,8.68,11.09,8.57,23.63M,11.47
12-Jan-18,9.94,11.09,11.21,9.26,38.34M,-15.69
11-Jan-18,11.79,12.43,12.48,11.62,23.81M,-8.18
10-Jan-18,12.84,13.44,13.44,12.64,13.86M,-2.21
9-Jan-18,13.13,13.44,13.63,12.53,25.96M,-1.87
8-Jan-18,13.38,13.49,13.64,13.03,23.19M,5.52
5-Jan-18,12.68,11.56,13,11.42,30.84M,0.96
4-Jan-18,12.56,13.3,13.49,11.07,57.92M,-8.05
3-Jan-18,13.66,12.46,14.34,12.04,64.34M,19.93
2-Jan-18,11.39,10.36,11.47,9.74,38.05M,23.14
29-Dec-17,9.25,8.48,10.14,8.29,51.86M,7.43
28-Dec-17,8.61,7.89,8.67,7.85,27.32M,11.53
27-Dec-17,7.72,7.23,7.76,7.11,18.68M,11.08
22-Dec-17,6.95,6.73,7.13,6.66,9.97M,3.12
21-Dec-17,6.74,6.74,6.77,6.7,3.39M,-0.44
20-Dec-17,6.77,6.85,6.89,6.7,5.03M,-1.02
19-Dec-17,6.84,6.78,6.87,6.73,3.99M,1.18
18-Dec-17,6.76,6.74,6.78,6.69,3.89M,-0.44
15-Dec-17,6.79,6.9,6.92,6.76,3.83M,-0.73
14-Dec-17,6.84,6.74,6.93,6.74,4.67M,1.48
13-Dec-17,6.74,7.03,7.07,6.67,7.18M,-3.44
12-Dec-17,6.98,7.16,7.16,6.84,8.71M,-0.85
11-Dec-17,7.04,7.09,7.2,6.93,9.71M,3.07
8-Dec-17,6.83,6.53,6.97,6.47,13.93M,6.06
7-Dec-17,6.44,6.6,6.69,6.08,21.30M,-4.45
6-Dec-17,6.74,7.1,7.12,6.63,14.42M,-5.34
5-Dec-17,7.12,7.19,7.24,6.99,10.25M,-0.42
4-Dec-17,7.15,7.44,7.56,7.06,13.65M,-1.38
1-Dec-17,7.25,7.32,7.58,6.99,23.19M,-5.97
30-Nov-17,7.71,5.99,7.71,5.88,32.47M,18.62
29-Nov-17,6.5,6.99,7.31,6.33,29.91M,-14.02
28-Nov-17,7.56,8.23,8.34,6.76,45.48M,-4.91
27-Nov-17,7.95,7.27,8.14,7.19,45.95M,13.9
24-Nov-17,6.98,6.72,6.99,6.64,19.75M,7.55
23-Nov-17,6.49,6.34,6.71,6.27,20.26M,4.85
22-Nov-17,6.19,5.92,6.21,5.86,13.28M,5.81
21-Nov-17,5.85,5.69,5.86,5.66,12.46M,3.72
20-Nov-17,5.64,5.48,5.68,5.35,15.74M,6.21
17-Nov-17,5.31,5.1,5.53,4.83,21.72M,2.12
16-Nov-17,5.2,5.56,5.68,5.02,33.59M,-13.19
15-Nov-17,5.99,6.5,6.5,5.68,35.90M,-3.07
14-Nov-17,6.18,5.37,6.65,5.07,63.45M,7.48
13-Nov-17,5.75,5.22,5.75,4.82,38.78M,28.64
10-Nov-17,4.47,3.94,4.76,3.91,39.02M,14.91
9-Nov-17,3.89,3.9,3.9,3.69,12.24M,2.91
8-Nov-17,3.78,3.75,3.95,3.64,22.07M,4.71
7-Nov-17,3.61,3.61,3.87,3.41,27.13M,8.08
6-Nov-17,3.34,3.13,3.37,3.09,14.53M,10.23
3-Nov-17,3.03,2.99,3.03,2.96,4.70M,2.02
2-Nov-17,2.97,2.98,2.98,2.9,2.43M,0.68
1-Nov-17,2.95,2.99,2.99,2.93,3.40M,0.34
31-Oct-17,2.94,2.94,2.98,2.9,6.74M,1.73
30-Oct-17,2.89,2.89,2.98,2.83,5.27M,5.09
27-Oct-17,2.75,2.77,2.78,2.74,952.13K,-0.72
26-Oct-17,2.77,2.79,2.8,2.75,918.70K,-0.72
25-Oct-17,2.79,2.81,2.81,2.77,1.15M,0.72
24-Oct-17,2.77,2.78,2.78,2.74,1.18M,0.36
23-Oct-17,2.76,2.76,2.78,2.72,1.85M,1.47
20-Oct-17,2.72,2.64,2.74,2.64,1.83M,3.42
19-Oct-17,2.63,2.73,2.75,2.61,2.58M,-3.31
18-Oct-17,2.72,2.66,2.77,2.62,2.59M,1.87
17-Oct-17,2.67,2.75,2.75,2.55,7.12M,-3.61
16-Oct-17,2.77,2.81,2.85,2.77,3.49M,-1.07
13-Oct-17,2.8,2.83,2.85,2.77,2.75M,-1.41
12-Oct-17,2.84,2.91,2.93,2.83,4.62M,-1.73
11-Oct-17,2.89,2.83,2.92,2.79,5.89M,1.76
10-Oct-17,2.84,2.91,2.92,2.84,5.65M,-2.74
6-Oct-17,2.92,3.07,3.07,2.81,9.49M,-2.67
5-Oct-17,3,2.88,3.07,2.84,8.26M,7.53
4-Oct-17,2.79,2.78,2.82,2.76,3.50M,1.82
3-Oct-17,2.74,2.76,2.77,2.74,2.05M,-0.36
2-Oct-17,2.75,2.71,2.76,2.7,2.56M,2.61
29-Sep-17,2.68,2.68,2.7,2.65,1.18M,0.75
28-Sep-17,2.66,2.69,2.69,2.65,917.39K,-1.12
27-Sep-17,2.69,2.71,2.72,2.68,1.18M,-1.1
26-Sep-17,2.72,2.77,2.78,2.68,2.63M,-0.73
25-Sep-17,2.74,2.71,2.77,2.7,2.02M,2.24
22-Sep-17,2.68,2.65,2.69,2.6,1.48M,1.13
21-Sep-17,2.65,2.71,2.73,2.62,1.87M,-2.21
20-Sep-17,2.71,2.7,2.74,2.68,2.15M,1.12
19-Sep-17,2.68,2.64,2.7,2.62,2.42M,2.68
18-Sep-17,2.61,2.61,2.64,2.57,1.72M,0.38
15-Sep-17,2.6,2.54,2.6,2.52,1.20M,4
14-Sep-17,2.5,2.53,2.54,2.46,1.05M,-1.57
13-Sep-17,2.54,2.65,2.68,2.51,2.93M,-3.42
12-Sep-17,2.63,2.62,2.65,2.59,2.36M,1.54
11-Sep-17,2.59,2.5,2.6,2.48,1.93M,4.86
8-Sep-17,2.47,2.42,2.51,2.41,2.07M,2.92
7-Sep-17,2.4,2.43,2.44,2.4,584.16K,-0.41
6-Sep-17,2.41,2.4,2.44,2.4,619.75K,0.42
5-Sep-17,2.4,2.42,2.43,2.4,624.89K,-0.83
1-Sep-17,2.42,2.42,2.44,2.4,820.77K,0.83
31-Aug-17,2.4,2.38,2.44,2.38,1.46M,3
30-Aug-17,2.33,2.34,2.36,2.32,288.74K,-0.43
29-Aug-17,2.34,2.35,2.35,2.32,285.20K,0
28-Aug-17,2.34,2.34,2.36,2.34,320.61K,0
25-Aug-17,2.34,2.34,2.36,2.34,242.26K,0
24-Aug-17,2.34,2.36,2.38,2.34,445.84K,-0.85
23-Aug-17,2.36,2.33,2.38,2.32,497.74K,1.29
22-Aug-17,2.33,2.33,2.36,2.29,738.72K,0
21-Aug-17,2.33,2.38,2.38,2.32,833.53K,-2.1
18-Aug-17,2.38,2.37,2.39,2.34,495.84K,0
17-Aug-17,2.38,2.4,2.41,2.37,520.15K,-1.24
16-Aug-17,2.41,2.42,2.43,2.39,489.88K,-0.82
15-Aug-17,2.43,2.41,2.44,2.39,521.07K,0.41
14-Aug-17,2.42,2.35,2.43,2.33,912.10K,2.98
11-Aug-17,2.35,2.38,2.39,2.32,620.37K,-1.26
10-Aug-17,2.38,2.42,2.43,2.36,855.75K,-1.65
9-Aug-17,2.42,2.44,2.47,2.42,645.18K,0
8-Aug-17,2.42,2.36,2.45,2.34,1.33M,5.22
4-Aug-17,2.3,2.32,2.35,2.26,1.15M,-2.13
3-Aug-17,2.35,2.46,2.46,2.28,2.30M,-4.86
2-Aug-17,2.47,2.56,2.58,2.45,1.88M,-4.26
1-Aug-17,2.58,2.6,2.61,2.56,675.92K,-0.39
31-Jul-17,2.59,2.62,2.62,2.59,941.08K,-0.38
28-Jul-17,2.6,2.61,2.61,2.57,918.74K,-0.38
27-Jul-17,2.61,2.61,2.64,2.56,2.02M,0.77
26-Jul-17,2.59,2.58,2.59,2.53,1.54M,0.39
25-Jul-17,2.58,2.65,2.65,2.56,3.06M,-1.9
24-Jul-17,2.63,2.57,2.72,2.53,4.39M,5.2
21-Jul-17,2.5,2.36,2.5,2.35,3.59M,6.84
20-Jul-17,2.34,2.38,2.38,2.32,769.30K,-1.68
19-Jul-17,2.38,2.39,2.4,2.35,1.12M,0
18-Jul-17,2.38,2.39,2.4,2.31,1.36M,0
17-Jul-17,2.38,2.28,2.4,2.27,1.68M,4.85
14-Jul-17,2.27,2.25,2.27,2.22,893.47K,0.44
13-Jul-17,2.26,2.29,2.34,2.26,2.21M,-0.44
12-Jul-17,2.27,2.13,2.34,2.12,3.44M,7.58
11-Jul-17,2.11,2.1,2.12,2.09,877.01K,1.93
10-Jul-17,2.07,2.04,2.09,2.03,1.15M,3.5
7-Jul-17,2,2.03,2.05,1.98,997.75K,-2.91
6-Jul-17,2.06,2.08,2.08,2.04,318.20K,0.49
5-Jul-17,2.05,2.11,2.12,2.04,801.48K,-2.38
4-Jul-17,2.1,2.09,2.11,2.08,629.81K,0.96
30-Jun-17,2.08,2.06,2.1,2.06,484.72K,0.48
29-Jun-17,2.07,2.12,2.13,2.06,802.61K,-0.48
28-Jun-17,2.08,2.07,2.1,2.06,593.62K,0.48
27-Jun-17,2.07,2.08,2.09,2.05,493.97K,-0.96
26-Jun-17,2.09,2.08,2.11,2.07,692.17K,0.48
23-Jun-17,2.08,2.11,2.11,2.06,655.47K,-1.42
22-Jun-17,2.11,2.08,2.12,2.06,1.06M,1.93
21-Jun-17,2.07,2.06,2.08,2.05,546.99K,0.49
20-Jun-17,2.06,2.1,2.11,2.06,975.86K,-0.96
19-Jun-17,2.08,2.09,2.1,2.06,1.31M,2.97
16-Jun-17,2.02,1.99,2.06,1.98,1.11M,3.06
15-Jun-17,1.96,2.05,2.05,1.96,1.13M,-3.92
14-Jun-17,2.04,2.05,2.07,2.01,1.05M,-0.49
13-Jun-17,2.05,2.12,2.16,2.02,1.86M,-3.76
12-Jun-17,2.13,2.2,2.23,2.11,1.95M,-0.93
9-Jun-17,2.15,2.14,2.24,2.1,3.87M,2.87
8-Jun-17,2.09,2.11,2.12,2.05,1.00M,1.95
7-Jun-17,2.05,1.89,2.1,1.83,6.95M,5.13
6-Jun-17,1.95,1.95,2.04,1.91,4.73M,-3.94
5-Jun-17,2.03,2.16,2.16,2.01,3.85M,-5.14
2-Jun-17,2.14,2.22,2.24,2.09,6.14M,-3.6
1-Jun-17,2.22,2.25,2.25,2.22,1.14M,-1.33
31-May-17,2.25,2.32,2.32,2.25,1.88M,-4.26
30-May-17,2.35,2.43,2.43,2.33,1.76M,-3.69
29-May-17,2.44,2.53,2.55,2.42,2.86M,1.67
24-May-17,2.4,2.41,2.42,2.38,770.94K,-0.41
23-May-17,2.41,2.43,2.44,2.39,579.12K,-0.41
19-May-17,2.42,2.43,2.43,2.39,829.55K,0.41
18-May-17,2.41,2.38,2.42,2.37,426.47K,0.42
17-May-17,2.4,2.43,2.45,2.37,937.11K,-1.23
16-May-17,2.43,2.45,2.45,2.39,904.10K,0
15-May-17,2.43,2.45,2.48,2.41,1.53M,1.67
12-May-17,2.39,2.47,2.48,2.34,1.96M,-3.24
11-May-17,2.47,2.37,2.48,2.31,4.13M,2.92
10-May-17,2.4,2.49,2.49,2.39,3.47M,-4.38
9-May-17,2.51,2.59,2.6,2.49,1.75M,-3.46
8-May-17,2.6,2.6,2.61,2.54,923.65K,1.56
5-May-17,2.56,2.58,2.59,2.51,1.30M,0
4-May-17,2.56,2.62,2.65,2.54,1.15M,-2.66
3-May-17,2.63,2.64,2.67,2.61,1.35M,0.38
2-May-17,2.62,2.6,2.65,2.6,1.88M,1.16
1-May-17,2.59,2.55,2.59,2.52,1.67M,4.02
28-Apr-17,2.49,2.43,2.55,2.42,1.83M,2.47
27-Apr-17,2.43,2.48,2.5,2.41,2.57M,-3.19
26-Apr-17,2.51,2.51,2.54,2.49,2.27M,-1.95
25-Apr-17,2.56,2.69,2.69,2.52,3.15M,-3.76
24-Apr-17,2.66,2.7,2.73,2.65,2.21M,-0.75
21-Apr-17,2.68,2.67,2.69,2.63,1.51M,2.29
20-Apr-17,2.62,2.78,2.79,2.6,3.45M,-4.38
19-Apr-17,2.74,2.57,2.75,2.57,5.08M,9.16
18-Apr-17,2.51,2.52,2.54,2.46,4.91M,-3.46
17-Apr-17,2.6,2.72,2.73,2.55,4.50M,-4.76
13-Apr-17,2.73,2.96,2.97,2.57,12.59M,-6.83
12-Apr-17,2.93,2.93,2.96,2.75,9.86M,1.03
11-Apr-17,2.9,3.35,3.35,2.58,20.31M,-8.52
10-Apr-17,3.17,2.75,3.18,2.75,13.06M,17.41
7-Apr-17,2.7,2.63,2.7,2.62,4.01M,3.85
6-Apr-17,2.6,2.58,2.6,2.56,2.45M,1.56
5-Apr-17,2.56,2.51,2.59,2.51,3.59M,2.4
4-Apr-17,2.5,2.5,2.51,2.49,1.41M,0
3-Apr-17,2.5,2.5,2.5,2.48,1.63M,0.4
31-Mar-17,2.49,2.47,2.49,2.44,1.71M,0.4
30-Mar-17,2.48,2.49,2.5,2.46,1.99M,-0.4
29-Mar-17,2.49,2.51,2.52,2.45,2.48M,-0.4
28-Mar-17,2.5,2.5,2.58,2.46,7.00M,2.46
27-Mar-17,2.44,2.42,2.44,2.32,5.32M,10.91
24-Mar-17,2.2,2.24,2.24,2.18,899.76K,-0.45
23-Mar-17,2.21,2.23,2.25,2.2,1.28M,0.91
22-Mar-17,2.19,2.16,2.2,2.13,1.66M,0.92
21-Mar-17,2.17,2.23,2.23,2.17,2.02M,-3.12
20-Mar-17,2.24,2.31,2.31,2.17,2.04M,-2.18
17-Mar-17,2.29,2.31,2.31,2.26,985.81K,0
16-Mar-17,2.29,2.3,2.32,2.29,953.33K,-0.43
15-Mar-17,2.3,2.32,2.33,2.28,863.04K,-0.43
14-Mar-17,2.31,2.33,2.34,2.3,1.18M,0
13-Mar-17,2.31,2.35,2.36,2.29,1.94M,0.43
10-Mar-17,2.3,2.38,2.39,2.29,2.50M,-0.86
9-Mar-17,2.32,2.17,2.36,2.17,3.96M,5.45
8-Mar-17,2.2,2.17,2.24,2.13,8.78M,-4.35
7-Mar-17,2.3,2.46,2.46,2.28,4.18M,-7.26
6-Mar-17,2.48,2.5,2.5,2.46,1.94M,0
3-Mar-17,2.48,2.46,2.48,2.43,1.18M,1.64
2-Mar-17,2.44,2.49,2.5,2.43,1.79M,-1.21
1-Mar-17,2.47,2.5,2.51,2.46,1.47M,0.41
28-Feb-17,2.46,2.53,2.58,2.45,2.60M,-2.38
27-Feb-17,2.52,2.49,2.55,2.45,3.12M,0
24-Feb-17,2.52,2.46,2.55,2.38,5.07M,-2.7
23-Feb-17,2.59,2.71,2.73,2.58,2.67M,-3.72
22-Feb-17,2.69,2.69,2.74,2.64,4.90M,1.51
21-Feb-17,2.65,2.59,2.67,2.57,5.11M,4.33
17-Feb-17,2.54,2.5,2.57,2.47,3.58M,1.6
16-Feb-17,2.5,2.48,2.5,2.47,2.15M,1.21
15-Feb-17,2.47,2.47,2.49,2.37,2.69M,0
14-Feb-17,2.47,2.5,2.51,2.45,1.91M,-0.4
13-Feb-17,2.48,2.47,2.5,2.45,2.30M,1.22
10-Feb-17,2.45,2.51,2.51,2.42,2.41M,-1.61
9-Feb-17,2.49,2.46,2.52,2.45,2.95M,2.47
8-Feb-17,2.43,2.36,2.44,2.34,2.91M,4.29
7-Feb-17,2.33,2.29,2.36,2.27,3.50M,3.56
6-Feb-17,2.25,2.21,2.25,2.17,2.41M,2.27
3-Feb-17,2.2,2.22,2.22,2.19,1.20M,-0.9
2-Feb-17,2.22,2.24,2.25,2.2,1.51M,0
1-Feb-17,2.22,2.22,2.22,2.2,925.40K,1.37
31-Jan-17,2.19,2.2,2.24,2.18,2.85M,0
30-Jan-17,2.19,2.27,2.28,2.17,3.08M,-3.1
27-Jan-17,2.26,2.29,2.29,2.25,2.66M,-1.31
26-Jan-17,2.29,2.34,2.35,2.29,1.72M,-0.87
25-Jan-17,2.31,2.33,2.38,2.23,12.25M,-7.6
24-Jan-17,2.5,2.61,2.62,2.48,4.44M,-2.72
23-Jan-17,2.57,2.55,2.6,2.53,3.13M,2.8
20-Jan-17,2.5,2.47,2.5,2.42,1.45M,1.21
19-Jan-17,2.47,2.46,2.48,2.45,1.22M,-2.76
18-Jan-17,2.54,2.61,2.62,2.52,2.88M,-2.68
17-Jan-17,2.61,2.6,2.65,2.58,2.38M,-1.14
16-Jan-17,2.64,2.52,2.64,2.47,3.27M,5.6
13-Jan-17,2.5,2.48,2.52,2.46,1.38M,0.4
12-Jan-17,2.49,2.47,2.51,2.37,2.79M,0.81
11-Jan-17,2.47,2.55,2.56,2.43,2.24M,-3.14
10-Jan-17,2.55,2.6,2.62,2.53,2.84M,-1.54
9-Jan-17,2.59,2.46,2.6,2.44,4.02M,6.15
6-Jan-17,2.44,2.47,2.47,2.42,1.52M,-1.21
5-Jan-17,2.47,2.43,2.47,2.39,2.63M,2.49
4-Jan-17,2.41,2.42,2.42,2.39,2.18M,1.26
3-Jan-17,2.38,2.3,2.43,2.29,3.73M,3.48
30-Dec-16,2.3,2.28,2.3,2.25,1.99M,0.88
29-Dec-16,2.28,2.28,2.29,2.21,1.63M,-0.44
28-Dec-16,2.29,2.29,2.3,2.25,1.81M,2.23
23-Dec-16,2.24,2.3,2.3,2.2,2.48M,-0.44
22-Dec-16,2.25,2.05,2.25,2.05,3.61M,7.14
21-Dec-16,2.1,2.15,2.15,2.03,4.76M,-0.47
20-Dec-16,2.11,2.1,2.19,2.03,6.72M,-3.65
19-Dec-16,2.19,2.38,2.39,2.16,5.63M,-7.59
16-Dec-16,2.37,2.37,2.42,2.33,3.00M,0
15-Dec-16,2.37,2.35,2.41,2.22,4.37M,2.16
14-Dec-16,2.32,2.57,2.64,2.28,13.34M,-4.92
13-Dec-16,2.44,2.44,2.49,2.23,14.38M,6.09
12-Dec-16,2.3,2.07,2.4,1.99,10.57M,13.3
9-Dec-16,2.03,2.02,2.08,1.97,5.91M,0.5
8-Dec-16,2.02,2.25,2.25,2.01,6.70M,-6.48
7-Dec-16,2.16,2,2.19,1.97,9.34M,2.86
6-Dec-16,2.1,2.11,2.14,1.96,10.46M,-3.67
5-Dec-16,2.18,2.16,2.39,2,10.49M,-10.66
2-Dec-16,2.44,2.63,2.64,2.4,7.03M,-6.15
1-Dec-16,2.6,2.78,2.78,2.53,8.70M,-2.62
30-Nov-16,2.67,2.85,2.85,2.66,5.65M,0.75
29-Nov-16,2.65,2.78,2.78,2.62,3.40M,-3.64
28-Nov-16,2.75,2.83,2.85,2.7,2.95M,0
25-Nov-16,2.75,2.81,2.91,2.69,4.29M,-2.83
24-Nov-16,2.83,3.15,3.15,2.77,8.08M,-1.39
23-Nov-16,2.87,2.25,2.87,2.25,9.08M,16.19
22-Nov-16,2.47,2.5,2.67,2.16,11.09M,-13.33
21-Nov-16,2.85,3.29,3.36,2.62,8.53M,-12.58
18-Nov-16,3.26,3.39,3.4,3.09,8.74M,0.62
17-Nov-16,3.24,3.19,3.39,3,9.53M,10.2
16-Nov-16,2.94,3.1,3.95,2.27,29.71M,11.79
15-Nov-16,2.63,2.19,2.66,2.17,10.21M,22.33
14-Nov-16,2.15,2.14,2.15,2.06,3.79M,1.42
11-Nov-16,2.12,2.15,2.18,2.06,2.89M,0.47
10-Nov-16,2.11,2.11,2.15,2.07,2.10M,3.43
9-Nov-16,2.04,1.85,2.1,1.85,4.49M,-3.32
8-Nov-16,2.11,2.25,2.26,2.03,5.27M,-3.65
7-Nov-16,2.19,2.05,2.24,2.02,5.04M,11.73
4-Nov-16,1.96,1.75,2.01,1.56,7.29M,4.26
3-Nov-16,1.88,2.07,2.07,1.85,3.90M,-10.05
2-Nov-16,2.09,2.16,2.16,2.06,2.51M,-3.69
1-Nov-16,2.17,2.21,2.22,2.15,2.04M,-1.81
31-Oct-16,2.21,2.24,2.24,2.2,1.18M,-1.78
28-Oct-16,2.25,2.25,2.26,2.15,2.14M,-2.6
27-Oct-16,2.31,2.3,2.33,2.24,2.49M,2.67
26-Oct-16,2.25,2.12,2.29,2.09,3.05M,0
25-Oct-16,2.25,2.37,2.38,2.16,4.52M,-3.85
24-Oct-16,2.34,2.25,2.35,2.23,3.03M,4
21-Oct-16,2.25,2.24,2.26,2.17,2.07M,0.45
20-Oct-16,2.24,2.19,2.27,2.12,3.57M,3.23
19-Oct-16,2.17,2.28,2.28,2.15,4.14M,-2.25
18-Oct-16,2.22,2.18,2.26,2.14,5.11M,4.72
17-Oct-16,2.12,2.12,2.13,2.09,2.75M,1.92
14-Oct-16,2.08,2.02,2.16,2.02,3.59M,4
13-Oct-16,2,2.1,2.11,1.96,5.39M,-8.26
12-Oct-16,2.18,2.41,2.41,1.96,6.94M,-8.4
11-Oct-16,2.38,2.44,2.44,2.28,6.07M,5.78
7-Oct-16,2.25,2.09,2.26,2.04,3.91M,12.5
6-Oct-16,2,2.2,2.43,1.82,10.44M,12.36
5-Oct-16,1.78,1.75,1.8,1.69,4.59M,14.84
4-Oct-16,1.55,1.48,1.59,1.48,5.05M,6.9
3-Oct-16,1.45,1.41,1.47,1.41,2.91M,5.84
30-Sep-16,1.37,1.38,1.42,1.37,1.76M,0
29-Sep-16,1.37,1.35,1.38,1.35,1.18M,1.48
28-Sep-16,1.35,1.34,1.35,1.31,1.40M,0.75
27-Sep-16,1.34,1.37,1.39,1.33,1.18M,-0.74
26-Sep-16,1.35,1.33,1.37,1.31,2.03M,2.27
23-Sep-16,1.32,1.27,1.36,1.2,2.96M,1.54
22-Sep-16,1.3,1.45,1.46,1.28,3.15M,-8.45
21-Sep-16,1.42,1.36,1.43,1.34,4.74M,7.58
20-Sep-16,1.32,1.3,1.33,1.26,2.88M,6.45
19-Sep-16,1.24,1.24,1.25,1.19,2.89M,4.2
16-Sep-16,1.19,1.18,1.25,1.18,3.26M,3.48
15-Sep-16,1.15,1.08,1.15,1.07,2.34M,7.48
14-Sep-16,1.07,1.05,1.07,1.04,809.81K,1.9
13-Sep-16,1.05,1.08,1.08,1.05,785.35K,-2.78
12-Sep-16,1.08,1.07,1.09,1.05,1.07M,2.86
9-Sep-16,1.05,1.07,1.08,0.96,2.40M,-2.78
8-Sep-16,1.08,1.07,1.08,1.05,1.97M,2.86
7-Sep-16,1.05,1.01,1.05,1,1.61M,6.06
6-Sep-16,0.99,1,1,0.96,1.41M,5.32
2-Sep-16,0.94,0.92,1,0.88,2.18M,8.05
1-Sep-16,0.87,0.85,0.9,0.83,1.92M,4.82
31-Aug-16,0.83,0.84,0.85,0.77,3.32M,-5.68
30-Aug-16,0.88,1.14,1.14,0.88,3.65M,-16.19
29-Aug-16,1.05,0.86,1.16,0.86,6.51M,25
26-Aug-16,0.84,0.74,0.88,0.74,2.94M,15.07
25-Aug-16,0.73,0.74,0.75,0.72,2.06M,2.82
24-Aug-16,0.71,0.68,0.74,0.67,2.19M,5.97
23-Aug-16,0.67,0.64,0.67,0.63,781.68K,4.69
22-Aug-16,0.64,0.64,0.65,0.63,456.07K,1.59
19-Aug-16,0.63,0.65,0.65,0.62,362.22K,-1.56
18-Aug-16,0.64,0.65,0.66,0.63,466.58K,0
17-Aug-16,0.64,0.66,0.67,0.64,567.73K,-3.03
16-Aug-16,0.66,0.66,0.68,0.65,703.46K,1.54
15-Aug-16,0.65,0.65,0.67,0.64,653.92K,3.17
12-Aug-16,0.63,0.66,0.67,0.61,1.14M,-7.35
11-Aug-16,0.68,0.69,0.7,0.64,2.70M,1.49
10-Aug-16,0.67,0.65,0.68,0.63,952.00K,4.69
9-Aug-16,0.64,0.61,0.65,0.61,773.14K,4.92
8-Aug-16,0.61,0.69,0.7,0.56,2.15M,-7.58
5-Aug-16,0.66,0.57,0.7,0.57,2.90M,17.86
4-Aug-16,0.56,0.48,0.56,0.48,1.43M,19.15
3-Aug-16,0.47,0.45,0.47,0.44,1.34M,4.44
2-Aug-16,0.45,0.45,0.45,0.43,130.09K,0
29-Jul-16,0.45,0.43,0.45,0.43,311.62K,4.65
28-Jul-16,0.43,0.42,0.45,0.42,463.76K,4.88
27-Jul-16,0.41,0.44,0.45,0.4,785.62K,-6.82
26-Jul-16,0.44,0.43,0.44,0.43,272.50K,2.33
25-Jul-16,0.43,0.45,0.45,0.43,375.15K,-2.27
22-Jul-16,0.44,0.45,0.45,0.42,314.18K,-2.22
21-Jul-16,0.45,0.45,0.45,0.44,331.54K,2.27
20-Jul-16,0.44,0.44,0.45,0.43,354.24K,0
19-Jul-16,0.44,0.43,0.44,0.42,552.47K,4.76
18-Jul-16,0.42,0.46,0.46,0.42,687.66K,-8.7
15-Jul-16,0.46,0.46,0.46,0.45,261.37K,0
14-Jul-16,0.46,0.47,0.47,0.45,502.59K,0
13-Jul-16,0.46,0.47,0.47,0.45,321.22K,0
12-Jul-16,0.46,0.47,0.47,0.46,227.74K,0
11-Jul-16,0.46,0.45,0.47,0.45,481.11K,-2.13
8-Jul-16,0.47,0.47,0.47,0.45,512.37K,2.17
7-Jul-16,0.46,0.47,0.47,0.46,234.65K,-2.13
6-Jul-16,0.47,0.47,0.47,0.47,416.26K,0
5-Jul-16,0.47,0.48,0.48,0.47,587.17K,-2.08
4-Jul-16,0.48,0.48,0.49,0.48,432.35K,2.13
30-Jun-16,0.47,0.47,0.47,0.46,348.65K,2.17
29-Jun-16,0.46,0.47,0.47,0.46,189.95K,-2.13
28-Jun-16,0.47,0.47,0.47,0.47,131.42K,0
27-Jun-16,0.47,0.47,0.47,0.46,376.47K,0
24-Jun-16,0.47,0.48,0.48,0.46,312.99K,0
23-Jun-16,0.47,0.48,0.49,0.47,138.86K,-2.08
22-Jun-16,0.48,0.5,0.5,0.47,488.47K,-4
21-Jun-16,0.5,0.5,0.51,0.48,178.02K,4.17
20-Jun-16,0.48,0.49,0.5,0.47,247.71K,0
17-Jun-16,0.48,0.48,0.49,0.48,102.14K,0
16-Jun-16,0.48,0.49,0.49,0.48,72.84K,-2.04
15-Jun-16,0.49,0.5,0.5,0.47,363.39K,0
14-Jun-16,0.49,0.5,0.5,0.49,221.70K,0
13-Jun-16,0.49,0.49,0.5,0.46,440.08K,-3.92
10-Jun-16,0.51,0.51,0.52,0.5,193.84K,0
9-Jun-16,0.51,0.53,0.53,0.51,363.91K,-1.92
8-Jun-16,0.52,0.52,0.55,0.51,638.02K,0
7-Jun-16,0.52,0.51,0.52,0.5,234.06K,0
6-Jun-16,0.52,0.51,0.52,0.51,171.97K,4
3-Jun-16,0.5,0.51,0.52,0.49,159.91K,-3.85
2-Jun-16,0.52,0.47,0.52,0.47,469.16K,0
1-Jun-16,0.52,0.5,0.54,0.49,400.13K,10.64
31-May-16,0.47,0.48,0.5,0.47,423.82K,0
30-May-16,0.47,0.47,0.48,0.47,91.96K,0
27-May-16,0.47,0.48,0.48,0.47,80.60K,0
26-May-16,0.47,0.47,0.48,0.47,159.15K,0
25-May-16,0.47,0.47,0.47,0.46,122.47K,0
24-May-16,0.47,0.46,0.47,0.46,172.04K,2.17
20-May-16,0.46,0.45,0.46,0.44,183.93K,0
19-May-16,0.46,0.44,0.46,0.41,395.24K,6.98
18-May-16,0.43,0.45,0.48,0.42,1.47M,-4.44
17-May-16,0.45,0.47,0.47,0.43,270.74K,-4.26
16-May-16,0.47,0.49,0.49,0.46,441.98K,0
13-May-16,0.47,0.48,0.48,0.47,218.56K,0
12-May-16,0.47,0.49,0.49,0.46,171.65K,-2.08
11-May-16,0.48,0.49,0.5,0.47,294.15K,0
10-May-16,0.48,0.45,0.48,0.45,433.77K,4.35
9-May-16,0.46,0.51,0.51,0.46,463.90K,-4.17
6-May-16,0.48,0.53,0.54,0.46,2.05M,-9.43
5-May-16,0.53,0.53,0.54,0.52,240.30K,0
4-May-16,0.53,0.54,0.55,0.53,188.79K,0
3-May-16,0.53,0.54,0.54,0.53,176.23K,-1.85
2-May-16,0.54,0.56,0.56,0.53,362.95K,0
29-Apr-16,0.54,0.53,0.54,0.52,201.78K,1.89
28-Apr-16,0.53,0.53,0.54,0.52,294.27K,0
27-Apr-16,0.53,0.56,0.56,0.53,491.03K,-3.64
26-Apr-16,0.55,0.56,0.56,0.53,209.59K,0
25-Apr-16,0.55,0.54,0.55,0.54,126.72K,1.85
22-Apr-16,0.54,0.56,0.56,0.54,167.73K,-3.57
21-Apr-16,0.56,0.6,0.61,0.55,598.51K,-6.67
20-Apr-16,0.6,0.54,0.62,0.54,711.02K,11.11
19-Apr-16,0.54,0.55,0.56,0.54,214.33K,-1.82
18-Apr-16,0.55,0.55,0.55,0.53,81.85K,0
15-Apr-16,0.55,0.57,0.57,0.55,32.18K,-3.51
14-Apr-16,0.57,0.55,0.57,0.53,195.64K,5.56
13-Apr-16,0.54,0.56,0.56,0.52,87.12K,1.89
12-Apr-16,0.53,0.55,0.55,0.53,121.79K,-1.85
11-Apr-16,0.54,0.56,0.56,0.54,42.36K,0
8-Apr-16,0.54,0.53,0.55,0.53,29.45K,0
7-Apr-16,0.54,0.54,0.54,0.52,64.60K,0
6-Apr-16,0.54,0.56,0.56,0.53,112.67K,-1.82
5-Apr-16,0.55,0.55,0.57,0.54,92.17K,0
4-Apr-16,0.55,0.55,0.55,0.54,63.26K,1.85
1-Apr-16,0.54,0.51,0.54,0.51,277.35K,0
31-Mar-16,0.54,0.55,0.55,0.52,172.91K,0
30-Mar-16,0.54,0.52,0.55,0.52,51.79K,3.85
29-Mar-16,0.52,0.55,0.55,0.52,149.26K,-3.7
28-Mar-16,0.54,0.55,0.55,0.51,102.05K,-1.82
24-Mar-16,0.55,0.55,0.56,0.53,315.09K,-1.79
23-Mar-16,0.56,0.56,0.56,0.54,158.43K,1.82
22-Mar-16,0.55,0.56,0.57,0.55,76.33K,-3.51
21-Mar-16,0.57,0.57,0.57,0.56,26.72K,1.79
18-Mar-16,0.56,0.56,0.57,0.56,103.85K,0
17-Mar-16,0.56,0.56,0.58,0.55,204.16K,0
16-Mar-16,0.56,0.56,0.57,0.55,95.36K,0
15-Mar-16,0.56,0.56,0.58,0.56,88.76K,-3.45
14-Mar-16,0.58,0.57,0.58,0.55,88.49K,3.57
11-Mar-16,0.56,0.57,0.57,0.56,27.90K,1.82
10-Mar-16,0.55,0.57,0.57,0.55,405.27K,-3.51
9-Mar-16,0.57,0.58,0.58,0.55,524.89K,1.79
8-Mar-16,0.56,0.58,0.59,0.56,218.03K,-5.08
7-Mar-16,0.59,0.58,0.59,0.57,263.64K,0
4-Mar-16,0.59,0.6,0.6,0.58,461.72K,-1.67
3-Mar-16,0.6,0.6,0.6,0.59,96.59K,0
2-Mar-16,0.6,0.6,0.6,0.58,228.36K,1.69
1-Mar-16,0.59,0.6,0.6,0.58,92.30K,-1.67
29-Feb-16,0.6,0.61,0.61,0.59,145.00K,-1.64
26-Feb-16,0.61,0.6,0.62,0.6,612.65K,5.17
25-Feb-16,0.58,0.55,0.6,0.51,727.85K,1.75
24-Feb-16,0.57,0.64,0.65,0.57,1.06M,-10.94
23-Feb-16,0.64,0.62,0.65,0.61,358.64K,4.92
22-Feb-16,0.61,0.61,0.61,0.6,308.27K,0
19-Feb-16,0.61,0.62,0.65,0.61,188.59K,-1.61
18-Feb-16,0.62,0.63,0.65,0.62,383.78K,-1.59
17-Feb-16,0.63,0.62,0.63,0.62,294.67K,3.28
16-Feb-16,0.61,0.6,0.61,0.59,205.76K,1.67
12-Feb-16,0.6,0.6,0.6,0.59,148.64K,0
11-Feb-16,0.6,0.59,0.61,0.57,99.50K,0
10-Feb-16,0.6,0.59,0.6,0.57,145.80K,1.69
9-Feb-16,0.59,0.56,0.6,0.55,510.91K,7.27
8-Feb-16,0.55,0.55,0.58,0.54,228.59K,1.85
5-Feb-16,0.54,0.54,0.54,0.53,346.21K,1.89
4-Feb-16,0.53,0.54,0.55,0.52,304.62K,0
3-Feb-16,0.53,0.55,0.55,0.53,234.70K,-3.64
2-Feb-16,0.55,0.54,0.55,0.53,329.23K,1.85
1-Feb-16,0.54,0.54,0.55,0.53,187.47K,1.89
29-Jan-16,0.53,0.54,0.55,0.52,236.23K,-1.85
28-Jan-16,0.54,0.55,0.55,0.53,101.16K,-1.82
27-Jan-16,0.55,0.54,0.55,0.52,134.72K,3.77
26-Jan-16,0.53,0.55,0.55,0.53,74.47K,-3.64
25-Jan-16,0.55,0.55,0.55,0.54,97.86K,0
22-Jan-16,0.55,0.52,0.56,0.52,233.96K,3.77
21-Jan-16,0.53,0.55,0.55,0.52,242.83K,-1.85
20-Jan-16,0.54,0.54,0.56,0.5,274.65K,-3.57
19-Jan-16,0.56,0.53,0.56,0.53,164.21K,5.66
18-Jan-16,0.53,0.54,0.55,0.52,115.65K,-1.85
15-Jan-16,0.54,0.56,0.56,0.54,180.04K,-3.57
14-Jan-16,0.56,0.57,0.57,0.55,130.40K,-1.75
13-Jan-16,0.57,0.57,0.59,0.56,377.12K,-3.39
12-Jan-16,0.59,0.59,0.6,0.58,130.85K,0
11-Jan-16,0.59,0.6,0.61,0.57,319.58K,-1.67
8-Jan-16,0.6,0.57,0.61,0.57,265.85K,7.14
7-Jan-16,0.56,0.59,0.6,0.55,205.48K,-6.67
6-Jan-16,0.6,0.6,0.61,0.59,224.56K,-1.64
5-Jan-16,0.61,0.62,0.63,0.6,201.01K,-1.61
4-Jan-16,0.62,0.62,0.63,0.58,399.05K,3.33
31-Dec-15,0.6,0.6,0.63,0.59,273.68K,3.45
30-Dec-15,0.58,0.59,0.6,0.58,55.90K,0
29-Dec-15,0.58,0.57,0.58,0.56,196.57K,5.45
24-Dec-15,0.55,0.51,0.58,0.51,70.28K,7.84
23-Dec-15,0.51,0.51,0.52,0.5,174.42K,-1.92
22-Dec-15,0.52,0.52,0.53,0.51,143.42K,-1.89
21-Dec-15,0.53,0.54,0.55,0.51,327.07K,-5.36
18-Dec-15,0.56,0.57,0.58,0.54,180.41K,0
17-Dec-15,0.56,0.57,0.58,0.53,383.79K,-3.45
16-Dec-15,0.58,0.58,0.6,0.56,456.60K,3.57
15-Dec-15,0.56,0.55,0.59,0.55,166.50K,1.82
14-Dec-15,0.55,0.58,0.59,0.55,239.57K,-5.17
11-Dec-15,0.58,0.58,0.59,0.55,294.26K,0
10-Dec-15,0.58,0.64,0.64,0.55,1.17M,-12.12
9-Dec-15,0.66,0.69,0.69,0.65,229.00K,-4.35
8-Dec-15,0.69,0.68,0.69,0.66,460.61K,1.47
7-Dec-15,0.68,0.69,0.69,0.66,318.73K,1.49
4-Dec-15,0.67,0.68,0.68,0.65,257.13K,1.52
3-Dec-15,0.66,0.64,0.68,0.64,425.66K,-4.35
2-Dec-15,0.69,0.7,0.7,0.67,451.98K,-2.82
1-Dec-15,0.71,0.75,0.75,0.7,824.83K,-2.74
30-Nov-15,0.73,0.85,0.86,0.7,1.80M,-1.35
27-Nov-15,0.74,0.7,0.74,0.67,611.59K,7.25
26-Nov-15,0.69,0.69,0.7,0.68,215.47K,0
25-Nov-15,0.69,0.68,0.7,0.67,204.17K,1.47
24-Nov-15,0.68,0.7,0.7,0.67,164.55K,-1.45
23-Nov-15,0.69,0.67,0.7,0.66,382.18K,6.15
20-Nov-15,0.65,0.66,0.66,0.63,135.23K,0
19-Nov-15,0.65,0.67,0.67,0.63,455.70K,-1.52
18-Nov-15,0.66,0.69,0.69,0.64,265.14K,0
17-Nov-15,0.66,0.67,0.67,0.65,266.01K,3.13
16-Nov-15,0.64,0.64,0.66,0.62,286.00K,3.23
13-Nov-15,0.62,0.61,0.62,0.57,568.65K,0
12-Nov-15,0.62,0.67,0.67,0.6,352.21K,-4.62
11-Nov-15,0.65,0.69,0.7,0.65,197.49K,-2.99
10-Nov-15,0.67,0.65,0.69,0.64,352.35K,4.69
9-Nov-15,0.64,0.65,0.68,0.62,314.50K,-3.03
6-Nov-15,0.66,0.72,0.72,0.59,1.38M,-4.35
5-Nov-15,0.69,0.65,0.73,0.65,2.03M,13.11
4-Nov-15,0.61,0.57,0.63,0.57,915.85K,7.02
3-Nov-15,0.57,0.55,0.57,0.54,497.00K,3.64
2-Nov-15,0.55,0.55,0.56,0.54,443.95K,1.85
30-Oct-15,0.54,0.52,0.55,0.52,248.71K,5.88
29-Oct-15,0.51,0.56,0.56,0.51,326.29K,-8.93
28-Oct-15,0.56,0.55,0.56,0.51,431.56K,3.7
27-Oct-15,0.54,0.5,0.55,0.49,637.46K,12.5
26-Oct-15,0.48,0.48,0.5,0.46,482.93K,6.67
23-Oct-15,0.45,0.44,0.45,0.43,84.34K,0
22-Oct-15,0.45,0.43,0.45,0.43,269.99K,4.65
21-Oct-15,0.43,0.42,0.43,0.4,321.07K,2.38
20-Oct-15,0.42,0.43,0.43,0.39,615.23K,0
19-Oct-15,0.42,0.41,0.42,0.38,230.69K,10.53
16-Oct-15,0.38,0.4,0.41,0.38,108.40K,0
15-Oct-15,0.38,0.42,0.42,0.36,203.95K,-5
14-Oct-15,0.4,0.39,0.42,0.38,516.54K,12.68
13-Oct-15,0.35,0.35,0.39,0.33,198.80K,4.41
9-Oct-15,0.34,0.34,0.35,0.34,82.00K,4.62
8-Oct-15,0.32,0.35,0.35,0.32,137.30K,-2.99
7-Oct-15,0.34,0.38,0.38,0.34,373.57K,-10.67
6-Oct-15,0.38,0.37,0.4,0.37,81.40K,-1.32
5-Oct-15,0.38,0.41,0.42,0.38,229.13K,-9.52
2-Oct-15,0.42,0.4,0.42,0.4,161.91K,5
1-Oct-15,0.4,0.4,0.43,0.39,416.45K,2.56
30-Sep-15,0.39,0.39,0.41,0.38,608.72K,0
29-Sep-15,0.39,0.39,0.39,0.37,282.27K,0
28-Sep-15,0.39,0.37,0.39,0.36,403.18K,5.41
25-Sep-15,0.37,0.35,0.38,0.35,330.43K,2.78
24-Sep-15,0.36,0.35,0.38,0.34,438.42K,5.88
23-Sep-15,0.34,0.35,0.37,0.32,403.70K,-2.86
22-Sep-15,0.35,0.35,0.37,0.34,85.70K,4.48
21-Sep-15,0.34,0.33,0.35,0.33,131.00K,4.69
18-Sep-15,0.32,0.33,0.34,0.31,227.95K,0
17-Sep-15,0.32,0.34,0.34,0.32,98.24K,-5.88
16-Sep-15,0.34,0.34,0.34,0.33,12.65K,-1.45
15-Sep-15,0.34,0.34,0.34,0.34,24.50K,1.47
14-Sep-15,0.34,0.34,0.34,0.33,15.11K,3.03
11-Sep-15,0.33,0.34,0.34,0.32,32.90K,0
10-Sep-15,0.33,0.34,0.34,0.32,120.75K,-2.94
9-Sep-15,0.34,0.29,0.38,0.29,226.66K,17.24
8-Sep-15,0.29,0.29,0.29,0.29,110.70K,3.57
4-Sep-15,0.28,0.28,0.28,0.26,193.21K,0
3-Sep-15,0.28,0.28,0.28,0.26,22.20K,3.7
2-Sep-15,0.27,0.28,0.28,0.25,114.00K,-3.57
1-Sep-15,0.28,0.29,0.29,0.27,182.61K,-1.75
31-Aug-15,0.28,0.29,0.29,0.28,91.23K,0
28-Aug-15,0.28,0.28,0.28,0.28,55.51K,-1.72
27-Aug-15,0.29,0.29,0.29,0.29,21.15K,-1.69
26-Aug-15,0.29,0.29,0.29,0.28,8.32K,1.72
25-Aug-15,0.29,0.29,0.29,0.29,12.00K,0
24-Aug-15,0.29,0.29,0.32,0.26,189.33K,0
21-Aug-15,0.29,0.31,0.32,0.29,35.00K,-3.33
20-Aug-15,0.3,0.32,0.32,0.3,125.50K,-7.69
19-Aug-15,0.32,0.31,0.32,0.3,96.10K,4.84
18-Aug-15,0.31,0.32,0.33,0.3,97.96K,0
17-Aug-15,0.31,0.3,0.31,0.3,108.39K,3.33
14-Aug-15,0.3,0.31,0.31,0.28,191.00K,0
13-Aug-15,0.3,0.31,0.31,0.28,42.45K,-3.23
12-Aug-15,0.31,0.29,0.31,0.29,157.38K,6.9
11-Aug-15,0.29,0.3,0.31,0.28,89.78K,-3.33
10-Aug-15,0.3,0.31,0.31,0.28,179.10K,-3.23
7-Aug-15,0.31,0.31,0.31,0.31,15.42K,3.33
6-Aug-15,0.3,0.3,0.31,0.3,36.40K,0
5-Aug-15,0.3,0.31,0.31,0.28,102.85K,0
4-Aug-15,0.3,0.3,0.31,0.3,85.68K,-3.23
31-Jul-15,0.31,0.32,0.32,0.31,44.50K,-3.12
30-Jul-15,0.32,0.32,0.32,0.31,98.10K,0
29-Jul-15,0.32,0.31,0.33,0.3,213.00K,6.67
28-Jul-15,0.3,0.32,0.33,0.3,257.66K,-6.25
27-Jul-15,0.32,0.31,0.32,0.3,47.23K,3.23
24-Jul-15,0.31,0.31,0.31,0.3,16.50K,1.64
23-Jul-15,0.31,0.31,0.32,0.29,100.43K,-3.17
22-Jul-15,0.31,0.31,0.31,0.3,227.03K,1.61
21-Jul-15,0.31,0.32,0.32,0.3,56.75K,3.33
20-Jul-15,0.3,0.32,0.32,0.3,50.19K,-4.76
17-Jul-15,0.31,0.31,0.31,0.31,9.65K,0
16-Jul-15,0.31,0.32,0.32,0.31,78.98K,0
15-Jul-15,0.31,0.32,0.33,0.31,48.26K,-3.08
14-Jul-15,0.32,0.32,0.32,0.3,60.65K,3.17
13-Jul-15,0.31,0.33,0.34,0.28,293.24K,-4.55
10-Jul-15,0.33,0.3,0.33,0.3,119.45K,13.79
9-Jul-15,0.29,0.31,0.31,0.29,274.25K,-6.45
8-Jul-15,0.31,0.3,0.31,0.3,41.17K,3.33
7-Jul-15,0.3,0.33,0.33,0.29,91.50K,-6.25
6-Jul-15,0.32,0.33,0.33,0.31,149.00K,-4.48
3-Jul-15,0.34,0.34,0.34,0.29,166.99K,0
2-Jul-15,0.34,0.31,0.34,0.31,101.90K,11.67
30-Jun-15,0.3,0.29,0.3,0.28,174.20K,3.45
29-Jun-15,0.29,0.29,0.29,0.28,70.67K,3.57
26-Jun-15,0.28,0.31,0.31,0.28,224.50K,0
25-Jun-15,0.28,0.28,0.28,0.27,115.60K,0
24-Jun-15,0.28,0.27,0.28,0.26,210.70K,5.66
23-Jun-15,0.26,0.28,0.3,0.26,163.00K,-7.02
22-Jun-15,0.28,0.28,0.29,0.25,430.60K,-1.72
19-Jun-15,0.29,0.3,0.31,0.27,121.02K,-3.33
18-Jun-15,0.3,0.31,0.32,0.3,246.08K,-3.23
17-Jun-15,0.31,0.29,0.31,0.29,182.58K,14.81
16-Jun-15,0.27,0.26,0.28,0.26,99.17K,8
15-Jun-15,0.25,0.25,0.26,0.25,74.02K,-3.85
12-Jun-15,0.26,0.28,0.28,0.25,241.80K,-7.14
11-Jun-15,0.28,0.28,0.28,0.24,1.41M,3.7
10-Jun-15,0.27,0.29,0.29,0.27,46.10K,-6.9
9-Jun-15,0.29,0.29,0.29,0.29,111.14K,-1.69
8-Jun-15,0.29,0.3,0.31,0.29,128.50K,1.72
5-Jun-15,0.29,0.3,0.31,0.29,104.02K,0
4-Jun-15,0.29,0.29,0.29,0.28,81.80K,-3.33
3-Jun-15,0.3,0.31,0.31,0.27,246.70K,-3.23
2-Jun-15,0.31,0.31,0.31,0.3,21.64K,5.08
1-Jun-15,0.29,0.31,0.31,0.29,97.40K,-6.35
29-May-15,0.31,0.3,0.32,0.3,75.97K,5
28-May-15,0.3,0.32,0.32,0.3,94.73K,-6.25
27-May-15,0.32,0.33,0.33,0.3,227.12K,-1.54
26-May-15,0.32,0.32,0.32,0.31,189.64K,1.56
25-May-15,0.32,0.33,0.34,0.32,223.61K,-5.88
22-May-15,0.34,0.35,0.35,0.33,239.25K,0
21-May-15,0.34,0.35,0.36,0.34,216.88K,-5.56
20-May-15,0.36,0.37,0.37,0.36,100.44K,0
19-May-15,0.36,0.38,0.38,0.36,262.13K,-2.7
15-May-15,0.37,0.37,0.38,0.35,123.58K,5.71
14-May-15,0.35,0.39,0.39,0.34,601.87K,-10.26
13-May-15,0.39,0.38,0.4,0.38,96.92K,2.63
12-May-15,0.38,0.4,0.4,0.38,188.58K,-3.8
11-May-15,0.4,0.41,0.41,0.38,371.00K,-4.82
8-May-15,0.41,0.41,0.42,0.4,90.90K,3.75
7-May-15,0.4,0.42,0.42,0.39,399.33K,0
6-May-15,0.4,0.4,0.42,0.4,103.51K,0
5-May-15,0.4,0.4,0.42,0.4,121.30K,0
4-May-15,0.4,0.41,0.44,0.4,96.87K,0
1-May-15,0.4,0.41,0.41,0.4,43.65K,0
30-Apr-15,0.4,0.44,0.44,0.4,93.52K,-6.98
29-Apr-15,0.43,0.43,0.44,0.41,83.10K,0
28-Apr-15,0.43,0.43,0.46,0.41,345.05K,2.38
27-Apr-15,0.42,0.46,0.46,0.41,199.28K,-2.33
24-Apr-15,0.43,0.4,0.43,0.4,154.86K,8.86
23-Apr-15,0.4,0.43,0.46,0.4,167.64K,-12.22
22-Apr-15,0.45,0.43,0.46,0.41,237.74K,15.38
21-Apr-15,0.39,0.47,0.47,0.37,171.60K,-13.33
20-Apr-15,0.45,0.4,0.5,0.4,643.06K,15.38
17-Apr-15,0.39,0.31,0.39,0.31,394.55K,30
16-Apr-15,0.3,0.31,0.31,0.3,291.81K,-3.23
15-Apr-15,0.31,0.31,0.31,0.3,116.76K,1.64
14-Apr-15,0.31,0.31,0.31,0.31,142.40K,1.67
13-Apr-15,0.3,0.29,0.31,0.29,152.21K,-3.23
10-Apr-15,0.31,0.3,0.31,0.28,291.43K,3.33
9-Apr-15,0.3,0.31,0.31,0.29,328.95K,-1.64
8-Apr-15,0.31,0.32,0.32,0.3,120.67K,-7.58
7-Apr-15,0.33,0.34,0.34,0.31,124.83K,-2.94
6-Apr-15,0.34,0.34,0.35,0.34,45.79K,0
2-Apr-15,0.34,0.35,0.35,0.32,165.35K,-4.23
1-Apr-15,0.35,0.35,0.37,0.31,157.50K,1.43
31-Mar-15,0.35,0.35,0.35,0.32,140.50K,-4.11
30-Mar-15,0.37,0.35,0.37,0.33,305.50K,2.82
27-Mar-15,0.35,0.36,0.37,0.34,59.00K,-1.39
26-Mar-15,0.36,0.37,0.38,0.34,65.20K,0
25-Mar-15,0.36,0.35,0.36,0.34,228.50K,1.41
24-Mar-15,0.35,0.37,0.37,0.34,186.28K,-4.05
23-Mar-15,0.37,0.38,0.38,0.35,323.88K,-1.33
20-Mar-15,0.38,0.35,0.38,0.35,115.00K,7.14
19-Mar-15,0.35,0.34,0.35,0.34,66.78K,0
18-Mar-15,0.35,0.36,0.37,0.34,101.50K,-5.41
17-Mar-15,0.37,0.38,0.38,0.33,157.79K,-2.63
16-Mar-15,0.38,0.39,0.39,0.35,115.50K,-2.56
13-Mar-15,0.39,0.39,0.39,0.37,50.00K,0
12-Mar-15,0.39,0.39,0.4,0.37,141.51K,1.3
11-Mar-15,0.38,0.38,0.4,0.37,339.25K,0
10-Mar-15,0.38,0.39,0.39,0.37,267.50K,-1.28
9-Mar-15,0.39,0.44,0.44,0.38,237.60K,-9.3
6-Mar-15,0.43,0.42,0.44,0.41,188.17K,4.88
5-Mar-15,0.41,0.43,0.43,0.41,51.73K,-2.38
4-Mar-15,0.42,0.42,0.43,0.41,247.30K,0
3-Mar-15,0.42,0.46,0.46,0.41,243.12K,-8.7
2-Mar-15,0.46,0.43,0.51,0.43,388.22K,8.24
27-Feb-15,0.43,0.41,0.43,0.39,287.70K,4.94
26-Feb-15,0.41,0.42,0.43,0.4,297.13K,-2.41
25-Feb-15,0.41,0.5,0.5,0.4,216.66K,-17
24-Feb-15,0.5,0.55,0.55,0.48,186.98K,-10.71
23-Feb-15,0.56,0.63,0.63,0.52,682.96K,-12.5
20-Feb-15,0.64,0.7,0.72,0.6,919.95K,28
19-Feb-15,0.5,0.43,0.5,0.42,352.02K,11.11
18-Feb-15,0.45,0.46,0.46,0.43,127.00K,-2.17
17-Feb-15,0.46,0.38,0.46,0.38,517.53K,24.32
13-Feb-15,0.37,0.38,0.39,0.36,87.50K,-6.33
12-Feb-15,0.4,0.4,0.4,0.38,144.60K,5.33
11-Feb-15,0.38,0.39,0.41,0.38,56.40K,-8.54
10-Feb-15,0.41,0.41,0.41,0.38,107.51K,0
9-Feb-15,0.41,0.4,0.41,0.38,149.60K,0
6-Feb-15,0.41,0.41,0.41,0.38,119.30K,0
5-Feb-15,0.41,0.4,0.42,0.39,184.50K,-2.38
4-Feb-15,0.42,0.42,0.43,0.38,186.50K,0
3-Feb-15,0.42,0.43,0.43,0.4,120.50K,-2.33
2-Feb-15,0.43,0.43,0.43,0.42,23.50K,0
30-Jan-15,0.43,0.42,0.43,0.39,233.00K,2.38
29-Jan-15,0.42,0.43,0.43,0.39,109.50K,-1.18
28-Jan-15,0.43,0.35,0.43,0.35,325.43K,11.84
27-Jan-15,0.38,0.38,0.38,0.35,131.50K,-5
26-Jan-15,0.4,0.38,0.4,0.35,171.03K,-4.76
23-Jan-15,0.42,0.4,0.42,0.37,159.00K,5
22-Jan-15,0.4,0.41,0.41,0.4,79.00K,-6.98
21-Jan-15,0.43,0.42,0.43,0.4,119.30K,-2.27
20-Jan-15,0.44,0.41,0.44,0.4,288.75K,6.02
19-Jan-15,0.41,0.42,0.42,0.41,88.00K,-5.68
16-Jan-15,0.44,0.43,0.44,0.41,191.50K,6.02
15-Jan-15,0.41,0.44,0.44,0.41,177.00K,-4.6
14-Jan-15,0.44,0.44,0.44,0.44,24.50K,3.57
13-Jan-15,0.42,0.45,0.45,0.41,90.00K,-10.64
12-Jan-15,0.47,0.46,0.48,0.43,136.21K,3.3
9-Jan-15,0.46,0.45,0.46,0.43,29.00K,5.81
8-Jan-15,0.43,0.42,0.45,0.4,193.50K,2.38
7-Jan-15,0.42,0.45,0.47,0.42,117.00K,-8.7
6-Jan-15,0.46,0.48,0.48,0.45,258.40K,-7.07
5-Jan-15,0.5,0.4,0.5,0.37,383.20K,23.75
2-Jan-15,0.4,0.4,0.4,0.37,130.25K,0
31-Dec-14,0.4,0.38,0.41,0.37,168.50K,0
30-Dec-14,0.4,0.37,0.4,0.35,371.21K,11.11
29-Dec-14,0.36,0.37,0.37,0.31,120.60K,-5.26
24-Dec-14,0.38,0.35,0.38,0.34,160.50K,2.7
23-Dec-14,0.37,0.38,0.39,0.33,569.73K,-7.5
22-Dec-14,0.4,0.4,0.43,0.38,266.50K,-6.98
19-Dec-14,0.43,0.49,0.5,0.4,433.50K,2.38
18-Dec-14,0.42,0.58,0.58,0.41,279.75K,-25
17-Dec-14,0.56,0.67,0.67,0.52,197.50K,-8.2
16-Dec-14,0.61,0.5,0.73,0.4,1.39M,-39.6
8-Sep-14,1.01,0.99,1.07,0.98,502.03K,2.02
5-Sep-14,0.99,0.88,0.99,0.87,842.55K,20.73
4-Sep-14,0.82,0.83,0.85,0.79,580.61K,-1.2
3-Sep-14,0.83,0.68,0.83,0.68,486.82K,18.57
2-Sep-14,0.7,0.69,0.7,0.66,190.68K,7.69
29-Aug-14,0.65,0.65,0.68,0.61,154.05K,0
28-Aug-14,0.65,0.63,0.67,0.61,220.60K,4.84
27-Aug-14,0.62,0.61,0.62,0.58,27.50K,-1.59
26-Aug-14,0.63,0.62,0.63,0.58,384.93K,0
25-Aug-14,0.63,0.64,0.64,0.55,137.21K,0
22-Aug-14,0.63,0.58,0.65,0.55,270.21K,10.53
21-Aug-14,0.57,0.53,0.58,0.52,189.67K,14
20-Aug-14,0.5,0.56,0.6,0.5,129.50K,-7.41
19-Aug-14,0.54,0.56,0.58,0.54,54.65K,-6.9
18-Aug-14,0.58,0.55,0.63,0.55,76.00K,5.45
15-Aug-14,0.55,0.6,0.63,0.55,50.00K,-9.84
14-Aug-14,0.61,0.63,0.63,0.57,26.50K,10.91
13-Aug-14,0.55,0.59,0.6,0.55,71.50K,-8.33
12-Aug-14,0.6,0.59,0.6,0.55,51.00K,0
11-Aug-14,0.6,0.61,0.61,0.53,113.50K,-6.25
8-Aug-14,0.64,0.64,0.64,0.57,48.00K,1.59
7-Aug-14,0.63,0.66,0.66,0.55,65.34K,-3.08
6-Aug-14,0.65,0.64,0.68,0.62,86.23K,3.17
5-Aug-14,0.63,0.64,0.69,0.56,264.00K,5
1-Aug-14,0.6,0.48,0.6,0.47,169.50K,31.87
31-Jul-14,0.46,0.45,0.5,0.45,180.00K,-6.19
30-Jul-14,0.49,0.49,0.5,0.47,219.90K,1.04
29-Jul-14,0.48,0.5,0.53,0.44,529.94K,-11.11
28-Jul-14,0.54,0.59,0.61,0.52,184.50K,-11.48
25-Jul-14,0.61,0.62,0.62,0.59,100.20K,0
24-Jul-14,0.61,0.62,0.64,0.59,153.50K,-4.69
23-Jul-14,0.64,0.64,0.65,0.59,281.60K,3.23
22-Jul-14,0.62,0.65,0.65,0.59,128.00K,-4.62
21-Jul-14,0.65,0.67,0.67,0.6,276.50K,1.56
18-Jul-14,0.64,0.63,0.65,0.57,258.40K,3.23
17-Jul-14,0.62,0.6,0.65,0.59,429.00K,-4.62
16-Jul-14,0.65,0.63,0.72,0.59,353.61K,-7.14
15-Jul-14,0.7,0.7,0.75,0.63,865.92K,1.45
14-Jul-14,0.69,0.58,0.7,0.55,1.50M,38
11-Jul-14,0.5,0.45,0.5,0.43,776.04K,13.64
10-Jul-14,0.44,0.38,0.49,0.33,1.92M,25.71
9-Jul-14,0.35,0.29,0.35,0.29,430.50K,12.9
8-Jul-14,0.31,0.3,0.31,0.25,347.00K,3.33
7-Jul-14,0.3,0.25,0.3,0.25,483.20K,13.21
4-Jul-14,0.26,0.22,0.27,0.22,514.50K,32.5
3-Jul-14,0.2,0.17,0.22,0.16,591.50K,14.29
2-Jul-14,0.17,0.14,0.18,0.14,734.00K,25
30-Jun-14,0.14,0.14,0.14,0.14,220.00K,0
27-Jun-14,0.14,0.13,0.14,0.13,188.00K,7.69
26-Jun-14,0.13,0.14,0.15,0.13,371.50K,-10.34
25-Jun-14,0.14,0.14,0.14,0.14,85.00K,0
24-Jun-14,0.14,0.14,0.15,0.13,534.00K,-3.33
23-Jun-14,0.15,0.13,0.18,0.12,205.00K,7.14
20-Jun-14,0.14,0.08,0.15,0.08,1.14M,366.67
22-May-14,0.03,0.01,0.03,0,69.00K,-45.45
21-May-14,0.05,0.05,0.07,0.05,93.00K,22.22
12-May-14,0.05,0.05,0.05,0.05,5.00K,50
